,sessionID,userQuestion,class,searchResultsWithScore,selectedID
dialog_2019-08-30T14-14-56.396_7826080E60BF5FB8EBA883137860CE3B.xml,I lost my registration certificate,SERVICE_SELECTION_REQUEST,1.) Get lost things back (324328) (Score: 25.598356)<br />2.) Hand over lost property (121543) (Score: 21.912975)<br />3.) Report loss of identity card (loss report) (120726) (Score: 11.963494)<br />4.) Replacement driving licence after loss/theft (121593) (Score: 6.166478)<br />5.) Replace registration certificate Part II for motor vehicles due to loss or theft (121584) (Score: 6.166478) 5.) Replace registration certificate Part II for motor vehicles due to loss or theft (121584) (Score: 6.598356) 2.) Hand over lost property (121543) (Score: 21.912975) 3.) Report loss of identity card (loss report) (120726) (Score: 11.963494),en,-
dialog_2019-08-19T07-27-46.83_4B6572CECC14E26258AE76D65BA39F39.xml,Ich benötige einen Termin beim Bürgeramt in Spandau,LOCATION_SELECTION_REQUEST,1.) Bürgeramt Spandau - Bürgerbüro Wasserstadt (122279) (Score: 5.060536)<br />2.) Bürgeramt Spandau - Bürgeramt Rathaus Spandau (122281) (Score: 5.060536)<br />3.) Bürgeramt Spandau - Hintergrund (327246) (Score: 5.060536)<br />4.) Bürgeramt Spandau - Bürgerbüro Kladow (122283) (Score: 8.072798)<br />5.) Bürgeramt Spandau - Bürgerbüro Falkenhagener Feld (324414) (Score: 13.977251),de,122281
dialog_2019-08-18T13-14-59.834_D81F26D90BA462132E5B213B59FFEC9D.xml,"Es ist kein Termin mehr frei in dem Zeitraum, in dem ich meinen Wohnsitz in Berlin anmelden muss.",SERVICE_SELECTION_REQUEST,1.) Anmeldung einer Wohnung (120686) (Score: 124.948930)<br />2.) Änderung/Wechsel der Hauptwohnung (120697) (Score: 64.684500)<br />3.) Abmeldung einer Wohnung (120335) (Score: 54.972168)<br />4.) Zweitwohnungsteuer bezahlen (121859) (Score: 34.211727)<br />5.) berlinpass verlängern (325147) (Score: 25.300060)<br />6.) berlinpass beantragen (121742) (Score: 25.131697),de,0
dialog_2019-08-13T10-53-33.654_55BB7110B8E1E553D7EA7258724CBEAF.xml,Suche nach Person,SERVICE_SELECTION_REQUEST,1.) Meldebescheinigung beantragen (120702) (Score: 27.013586)<br />2.) Melderegisterauskunft einholen (120732) (Score: 24.154127)<br />3.) Bewachungsgewerbe - Meldung Wachpersonen (327781) (Score: 24.118631)<br />4.) Melderegisterauskunft online für Einzelabfrager (318913) (Score: 23.668608)<br />5.) Melderegisterauskunft sperren (120678) (Score: 19.889297)<br />6.) Melderegisterauskunft online für registrierte Großkunden (318915) (Score: 19.889297),de,120732
dialog_2019-08-23T11-03-17.95_154B23F540B2845BFADF03333B11890F.xml,wo kann ich einen neuen PIN für meinen Personalausweis beantragen?,SERVICE_SELECTION_REQUEST,"1.) Personalausweis beantragen (120703) (Score: 89.003880)<br />2.) Verlust des Personalausweises melden (Verlustanzeige) (120726) (Score: 67.393210)<br />3.) Personalausweis vorläufig beantragen (120682) (Score: 67.184840)<br />4.) Personalausweis abholen (324325) (Score: 41.625076)<br />5.) Personalausweis, vorläufig, für Berliner Einwohner ohne feste Wohnung bzw. für Personen, die außerhalb von Berlin gemeldet sind (306684) (Score: 34.940100)<br />6.) Personalausweis für in Berlin nicht gemeldete Personen, Touristen und Deutsche mit Wohnsitz im Ausland (326550) (Score: 33.643803)",de,0
dialog_2019-08-29T11-19-33.505_FD26D313DBF6492D4B9582ACBD5F000F.xml,appointment for anmeldung,SERVICE_SELECTION_REQUEST,"1.) Registration of an apartment (120686) (Score: 41.280457)<br />2.) Trade - Registration (121921) (Score: 34.118416)<br />3.) Foundations - tax registration of enterprises, companies, associations, trades, self-employment or agricultural and forestry activities (325409) (Score: 21.732212)<br />4.) Income tax registration (326287) (Score: 21.667389)<br />5.) Marriage - with foreign participation - information, advice and registration (318962) (318962) (Score: 21.667389) 5.) Marriage - with foreign participation - information, advice and registration (318962) (121921) (Score: 34.118416)",en,120686
dialog_2019-08-23T13-02-23.478_7FEA28094BD48F9E2E7E118934E12D8D.xml,Termin für Wohnungsanmeldung in Lichtenberg buchen,SERVICE_SELECTION_REQUEST,1.) Anmeldung einer Wohnung (120686) (Score: 19.221785),de,120686
dialog_2019-08-07T10-01-26.953_C5DFA2072514288D4C5F355136E41C50.xml,Termin ändern für Antrag vom Reisepass,SERVICE_SELECTION_REQUEST,"1.) Reisepass beantragen (121151) (Score: 77.691730)<br />2.) Reisepass abholen (324573) (Score: 59.752598)<br />3.) Kinderreisepass beantragen / verlängern / aktualisieren (121469) (Score: 59.188183)<br />4.) Reisepass beantragen (vorläufiger Reisepass) (121153) (Score: 55.623302)<br />5.) Reisepass für in Berlin nicht gemeldete Personen, Touristen und Deutsche mit Wohnsitz im Ausland (306704) (Score: 53.072870)<br />6.) Reisepassverlust (121368) (Score: 43.556510)",de,0
dialog_2019-08-15T11-25-09.56_3803BBDDA7E2A9622907771A98F7D018.xml,In welchem Umfang wird bei der Stadt Berlin künstliche Intelligenz genutzt,SERVICE_SELECTION_REQUEST,1.) berlinpass verlängern (325147) (Score: 25.290945)<br />2.) berlinpass beantragen (121742) (Score: 25.121702)<br />3.) Auskunft aus dem Gemeinsamen Tarifregister der Länder Berlin und Brandenburg (327417) (Score: 17.528160)<br />4.) Ferienwohnungsvermietung    Genehmigung einer zeitweisen Vermietung der Berliner Hauptwohnung oder Nebenwohnung (328146) (Score: 17.460125)<br />5.) Anmeldung einer Wohnung (120686) (Score: 12.849872)<br />6.) Gewerbe - Grenzüberschreitende Erbringung von Dienstleistungen anzeigen (328737) (Score: 10.123472),de,-
dialog_2019-08-15T15-35-52.021_0DC9E8ABFC65A0B4C221D051B8D5844E.xml,  ich möchte mich neu anmelden,SERVICE_SELECTION_REQUEST,1.) Anmeldung einer Wohnung (120686) (Score: 38.975048)<br />2.) Gewerbe - Anmeldung (121921) (Score: 18.369734)<br />3.) Neufahrzeug anmelden (120882) (Score: 17.009024)<br />4.) Zulassung eines aus einem Nicht-EU-Mitgliedstaat eingeführten Neufahrzeuges (120892) (Score: 15.204344)<br />5.) Hundesteuer - Hund anmelden (121494) (Score: 14.375735)<br />6.) Personalausweis beantragen (120703) (Score: 14.111181),de,0
dialog_2019-08-21T14-17-47.511_C3EBE671BB51C24AA2E002B572162A38.xml,Ich ziehe nach Berlin am 24.08.2019 um. Darf ich ohne Anmeldung für Anschrift Änderung kommen?,SERVICE_SELECTION_REQUEST,1.) Anmeldung einer Wohnung (120686) (Score: 87.999690)<br />2.) Anschriftenänderung in dem Fahrzeugschein bzw. der Zulassungsbescheinigung Teil I (ZBI) (120658) (Score: 66.601814)<br />3.) Änderung/Wechsel der Hauptwohnung (120697) (Score: 52.899666)<br />4.) Abmeldung einer Wohnung (120335) (Score: 36.557228)<br />5.) Namensänderung in den Fahrzeugpapieren (324173) (Score: 35.686480)<br />6.) Gewerbe - Anmeldung (121921) (Score: 34.132416),de,120686
dialog_2019-08-26T18-25-17.552_9C9117E93E4DD3E40F140E8887760922.xml,personalausweis beantragen,SERVICE_SELECTION_REQUEST,"1.) Personalausweis beantragen (120703) (Score: 74.890260)<br />2.) Verlust des Personalausweises melden (Verlustanzeige) (120726) (Score: 56.892704)<br />3.) Personalausweis vorläufig beantragen (120682) (Score: 56.330074)<br />4.) Personalausweis abholen (324325) (Score: 37.197357)<br />5.) Personalausweis, vorläufig, für Berliner Einwohner ohne feste Wohnung bzw. für Personen, die außerhalb von Berlin gemeldet sind (306684) (Score: 29.859623)<br />6.) Personalausweis für in Berlin nicht gemeldete Personen, Touristen und Deutsche mit Wohnsitz im Ausland (326550) (Score: 29.374180)",de,120703
dialog_2019-08-08T05-23-33.653_07E4DDC563EA8D4D9079B05F56BF8FDF.xml,Ist irgendwie ein Termin frei zum Auto ummelden,SERVICE_SELECTION_REQUEST,"1.) Kraftfahrzeug ummelden  nach einem Umzug nach Berlin (120918) (Score: 51.195190)<br />2.) Kraftfahrzeug außer Betrieb setzen (Kfz abmelden) (120877) (Score: 35.620045)<br />3.) Neufahrzeug anmelden (120882) (Score: 30.452448)<br />4.) Wiederzulassung eines Kraftfahrzeuges ohne Halterwechsel beantragen (120905) (Score: 30.336830)<br />5.) Kraftfahrzeug - Umsetzungen (324190) (Score: 29.902935)<br />6.) Kraftfahrzeug außer Betrieb setzen, unvollständige Unterlagen (Kfz abmelden) (325881) (Score: 28.405401)",de,120918
dialog_2019-08-26T07-12-39.465_0EF3B8F17C18471BF336B2CCCE96AE4D.xml,Termin suchen,SERVICE_SELECTION_REQUEST,1.) Gewerberegisterauszug - schriftliche Auskunft (328542) (Score: 7.300520)<br />2.) Gewerberegisterauszug - elektronische eAuskunft (326157) (Score: 7.047793)<br />3.) Meldebescheinigung beantragen (120702) (Score: 6.449931)<br />4.) Melderegisterauskunft einholen (120732) (Score: 5.767189)<br />5.) Begutachtung von sichergestellten Fahrzeugen (nur für bestellte Gutachter und Versicherungen) (326425) (Score: 5.763981)<br />6.) Melderegisterauskunft online für Einzelabfrager (318913) (Score: 5.651263),de,0
dialog_2019-08-26T11-03-28.331_11773BF9B3A82C62A92FA2C161017128.xml,Bearbeitung dauer ,SERVICE_SELECTION_REQUEST,1.) Service-Konto Berlin Sicherheitsstufe 2  Hochstufung bzw. Bearbeitung der Nutzerdaten (328086) (Score: 13.885179),de,328086
dialog_2019-08-02T18-06-45.944_8E665F44C0DAB322A0A9C07372C90743.xml,Ich brauchen einen Termin am 16.9.19 in der puttkamerstr,ANSWER,,de,"<span class=""bitter-bold-italic"">Termine</span> können Sie gerne online auf der Webseite vereinbaren:"
dialog_2019-08-11T12-38-04.86_5B68809A602972B6A29331C5FE0605D2.xml,Do you speak English?,UNKNOWN_LANGUAGE_ANSWER,,de,
dialog_2019-08-16T13-43-50.228_A6412958C04311E9B3AFBBCEDB9A5351.xml,"wie heisst der berliner senator für justiz, verbraucherschutz und antidiskriminierung",EXTERN_ANSWER,"1.) Senatsverwaltung für Justiz, Verbraucherschutz und Antidiskriminierung (32507923) (Score: 33.699120)<br />2.) Bundesministerium der Justiz und für Verbraucherschutz (32507935) (Score: 22.201578)",de,-
dialog_2019-08-05T14-59-59.146_A4F838330712476F7C29066DAF0C54A5.xml,was kostet in berlin der vorläufige führerschein?,SERVICE_SELECTION_REQUEST,1.) Ersatzführerschein nach Verlust/Diebstahl (121593) (Score: 47.148586)<br />2.) Umstellung der Fahrerlaubnis (124556) (Score: 44.606796)<br />3.) Umschreibung einer ausländischen Fahrerlaubnis aus einem EU-/EWR-Staat (121598) (Score: 42.264297)<br />4.) Verlängerung der Fahrerlaubnis (121634) (Score: 38.665040)<br />5.) Umtausch eines Kartenführerscheins (121616) (Score: 36.688072)<br />6.) Internationaler Führerschein (121591) (Score: 36.577070),de,121593
dialog_2019-08-14T17-01-33.106_122087698D0A78036CCC42BD3044467B.xml,Gibt freie termine diese Samstag zum Wohnung Anmeldung,SERVICE_SELECTION_REQUEST,1.) Anmeldung einer Wohnung (120686) (Score: 100.699036)<br />2.) Änderung/Wechsel der Hauptwohnung (120697) (Score: 41.257202)<br />3.) Abmeldung einer Wohnung (120335) (Score: 38.273823)<br />4.) Zweitwohnungsteuer bezahlen (121859) (Score: 37.501990)<br />5.) Gewerbe - Anmeldung (121921) (Score: 34.087290)<br />6.) Wohnberechtigungsschein - WBS - Antragsannahme (120671) (Score: 30.007647),de,120686
dialog_2019-08-26T14-13-51.811_7F7DDA898A173CE35689DFC41EAF0FDD.xml,Meine Tochter braucht eine amtlich beglaubigte Kopie ihres Abiturzeugnisses bis Ende der Woche,SERVICE_SELECTION_REQUEST,1.) Beglaubigung von Kopien (121701) (Score: 22.302156)<br />2.) Beglaubigung von Urkunden für das Ausland (Apostille/Legalisation) (320315) (Score: 15.614527)<br />3.) Erbrecht - Rückgabe von Testamenten und Erbverträgen aus der besonderen amtlichen Verwahrung (327675) (Score: 15.306248)<br />4.) Reisegewerbe Erlaubnis (121916) (Score: 15.226519)<br />5.) Beglaubigung von Unterschriften (158142) (Score: 15.128449)<br />6.) Schwerbehinderung - Akteneinsicht (325159) (Score: 14.380053),de,121701
dialog_2019-08-06T16-13-02.233_B03C87B0FCA5AD71A5F868711B6D34CA.xml,termin Bestätigung,SMALLTALK_ANSWER,,de,"Wenn Sie Ihre Termindaten vergessen haben, können Sie das Behördentelefon 115 anrufen. Dort werden Sie nach den hinterlegten Daten gefragt (z.B. Name, E-Mail-Adresse)."
dialog_2019-08-05T06-23-35.348_10C7CB77424BF2D357B1E16CDD8AF803.xml,Sofort Termin ,ANSWER,,de,"<span class=""bitter-bold-italic"">Termine</span> können Sie gerne online auf der Webseite vereinbaren:"
dialog_2019-08-14T17-49-24.423_D21120A53842CD278C2B2F5B65DB68F2.xml,wie lautet die {%[email]%} Adresse von der Bürgerämtern in Reinickendorf? ,SERVICE_SELECTION_REQUEST,1.) elektronischer Aufenthaltstitel (eAT) - Änderung der Adresse nach Umzug (326800) (Score: 30.584050)<br />2.) Anmeldung einer Wohnung (120686) (Score: 14.159312)<br />3.) Meldebescheinigung beantragen (120702) (Score: 13.790829)<br />4.) Gewerberegisterauszug - schriftliche Auskunft (328542) (Score: 13.712559)<br />5.) Gewerberegisterauszug - elektronische eAuskunft (326157) (Score: 13.098795)<br />6.) Grundstücksnummerierung - Durchführung (324320) (Score: 12.971937),de,-
dialog_2019-08-15T13-52-11.705_01C2C6B69F8437C39C229A4C55CFD54F.xml,mein Vater ist im Ausland verstorben was muss ich machen,SERVICE_SELECTION_REQUEST,"1.) Sterbefall im Ausland - Beratung und Nachbeurkundung eines Sterbefalls (318988) (Score: 24.774391)<br />2.) Sterbefall im Ausland - Nachbeurkundung (318989) (Score: 24.754032)<br />3.) Eheschließung - mit Auslandsbeteiligung - Auskunft, Beratung und Anmeldung (318962) (Score: 18.795523)<br />4.) Vaterschaftsanerkennung (318991) (Score: 18.768435)<br />5.) Ausbildungsförderung bei Ausbildung im Ausland (Auslands-BAföG) (325167) (Score: 18.313583)<br />6.) Geburt im Ausland - Nachbeurkundung (318959) (Score: 17.502262)",de,318988
dialog_2019-08-07T09-57-31.291_2C115BD2506308072D0099B63D29BDDA.xml,Mein kind zieht von seiner mutter zu mir nach berlin. Kann ich die ummeldung allein machen?,SERVICE_SELECTION_REQUEST,1.) Kita-Gutschein (324873) (Score: 57.950344)<br />2.) Anmeldung einer Wohnung (120686) (Score: 49.367996)<br />3.) Gewerbe - Ummeldung (122111) (Score: 39.225113)<br />4.) Änderung/Wechsel der Hauptwohnung (120697) (Score: 34.083626)<br />5.) Kindertagespflege (328158) (Score: 33.072365)<br />6.) Geburtsurkunde  Ausstellung (318960) (Score: 30.770998),de,-
dialog_2019-08-16T11-12-53.239_1135FDE467D899DFB648AEFF3A31025B.xml,PIN-Brief verloren,SERVICE_SELECTION_REQUEST,1.) Bankbrief / -zulassungsbescheinigung Teil II (297016) (Score: 38.997050)<br />2.) Zulassungsbescheinigung Teil II für KFZ wegen Verlust oder Diebstahl ersetzen (121584) (Score: 35.319830)<br />3.) Zulassungsbescheinigung Teil I für KFZ wegen Verlust oder Diebstahl ersetzen (121575) (Score: 34.353237)<br />4.) Anschriftenänderung in dem Fahrzeugschein bzw. der Zulassungsbescheinigung Teil I (ZBI) (120658) (Score: 29.999578)<br />5.) Verlorene Sachen zurückbekommen (324328) (Score: 25.604465)<br />6.) Kraftfahrzeug - Internationaler Zulassungsschein (327469) (Score: 23.703018),de,-
dialog_2019-08-29T08-20-37.866_B13ADC888ECF52CEA4728019C38E4622.xml,Kraftfahrzeug außer Betrieb setzen,SERVICE_SELECTION_REQUEST,"1.) Kraftfahrzeug außer Betrieb setzen (Kfz abmelden) (120877) (Score: 85.465120)<br />2.) Kraftfahrzeug - Internetbasierte Außerbetriebsetzung (326618) (Score: 58.336906)<br />3.) Kraftfahrzeug außer Betrieb setzen, unvollständige Unterlagen (Kfz abmelden) (325881) (Score: 53.065372)<br />4.) Abmeldung einer Wohnung (120335) (Score: 42.840748)<br />5.) Kraftfahrzeug - Verkauf melden (120900) (Score: 36.479855)<br />6.) Kraftfahrzeug ummelden  nach einem Umzug nach Berlin (120918) (Score: 35.108110)",de,-
dialog_2019-08-12T14-57-54.786_C82F5F2F696E1515BC5C0455D91ACC57.xml,Kinderreisepass ,SERVICE_SELECTION_REQUEST,"1.) Kinderreisepass beantragen / verlängern / aktualisieren (121469) (Score: 48.169370)<br />2.) Kinderreisepass für in Berlin nicht gemeldete Personen, Touristen und Deutsche mit Wohnsitz im Ausland (326548) (Score: 34.073757)<br />3.) Reisepass für in Berlin nicht gemeldete Personen, Touristen und Deutsche mit Wohnsitz im Ausland (306704) (Score: 16.512732)",de,121469
dialog_2019-08-13T09-39-42.1_6A7089F4025D58904124EE6F38B7FD19.xml,Ich brauche 2 Termine in der Puttkammer str.,SERVICE_SELECTION_REQUEST,"1.) Handwerk - Gestattung zur Erbringung vorübergehender grenzüberschreitender Dienstleistungen in zulassungspflichtigen Handwerken (302439) (Score: 8.338521)<br />2.) Versicherungsberater - Erlaubnis (327717) (Score: 6.659980)<br />3.) Kraftfahrzeug - Internetbasierte Wiederzulassung auf denselben Halter, im selben Zulassungsbezirk (327897) (Score: 6.518641)<br />4.) Service-Konto Berlin Sicherheitsstufe 2  Hochstufung bzw. Bearbeitung der Nutzerdaten (328086) (Score: 6.363925)",de,-
dialog_2019-08-26T06-50-39.127_A6F37C288297651CDDF208FEFD794ABE.xml,Ich habe meine Vorgangsnummer vergessen,SMALLTALK_ANSWER,,de,"Wenn Sie Ihre Termindaten vergessen haben, können Sie das Behördentelefon 115 anrufen. Dort werden Sie nach den hinterlegten Daten gefragt (z.B. Name, E-Mail-Adresse)."
dialog_2019-08-18T18-30-53.157_7AB50CA97E7CB1CF152D9122145DC3E2.xml,auto anmelden in berlin,SERVICE_SELECTION_REQUEST,1.) Neufahrzeug anmelden (120882) (Score: 43.075800)<br />2.) Wiederzulassung eines Kraftfahrzeuges ohne Halterwechsel beantragen (120905) (Score: 41.724293)<br />3.) Kraftfahrzeug ummelden  nach einem Umzug nach Berlin (120918) (Score: 39.993520)<br />4.) Anmeldung einer Wohnung (120686) (Score: 37.456543)<br />5.) Kraftfahrzeug außer Betrieb setzen (Kfz abmelden) (120877) (Score: 35.576015)<br />6.) Kraftfahrzeug - Umsetzungen (324190) (Score: 29.868107),de,324190
dialog_2019-08-16T10-55-22.144_3563A1136D586E6EBA98492CD273FA58.xml,Wann ist der nächste Termin in einem Bürgeramt frei?,LOCATION_SELECTION_REQUEST,1.) Bürgeramt I in Köpenick (122208) (Score: 2.168345)<br />2.) Bürgeramt Halemweg (Außenstelle) (122210) (Score: 2.168345)<br />3.) Bürgeramt Heerstraße (122217) (Score: 2.168345)<br />4.) Bürgeramt Hohenzollerndamm (122219) (Score: 2.168345)<br />5.) Bürgeramt II in Schöneweide (122226) (Score: 2.168345)<br />6.) Bürgeramt Wilmersdorfer Straße (122227) (Score: 2.168345),de,122227
dialog_2019-08-01T13-02-11.367_63D04290CC2FDD6C01D4019B3C51C5E2.xml,ich will einen termin absagen,SMALLTALK_ANSWER,,de,"Wenn Sie Ihren Termin ändern oder absagen möchte, rufen Sie bitte die <a href=https://service.berlin.de/terminvereinbarung/termin/terminaendern.php class=extern target=_blank>Termin-Ändern-Seite des Service Portals Berlin</a> auf."
dialog_2019-08-09T14-46-28.908_F2610110EB522FB0BB6C3067CA180CB6.xml,Brauche ich ein Termin zum ummelden ,SERVICE_SELECTION_REQUEST,1.) Anmeldung einer Wohnung (120686) (Score: 39.918510)<br />2.) Kraftfahrzeug ummelden  nach einem Umzug nach Berlin (120918) (Score: 32.048813)<br />3.) Gewerbe - Ummeldung (122111) (Score: 29.703028)<br />4.) Änderung/Wechsel der Hauptwohnung (120697) (Score: 23.524855)<br />5.) Abmeldung einer Wohnung (120335) (Score: 21.785190)<br />6.) Umschreibung eines zugelassenen Fahrzeuges mit Berliner Kennzeichen auf einen anderen Halter (120906) (Score: 15.714952),de,-
dialog_2019-08-21T12-41-30.711_8968C85365665D2B0E1F360EDA2765C1.xml,wie viel ist 1 + 2?,SERVICE_SELECTION_REQUEST,"1.) Handwerk - Gestattung zur Erbringung vorübergehender grenzüberschreitender Dienstleistungen in zulassungspflichtigen Handwerken (302439) (Score: 15.950467)<br />2.) Geobasisdaten, Abgabe Karte 1:5000 (324342) (Score: 15.419840)<br />3.) Aufenthaltserlaubnis für türkische Arbeitnehmer und Familienangehörige (ARB 1/80) - Verlängerung (324995) (Score: 12.380009)<br />4.) Wohnberechtigungsschein - WBS - Antragsannahme (120671) (Score: 9.017596)<br />5.) Liegenschaftskataster, Auskunft (324341) (Score: 8.654510)<br />6.) Versicherungsberater - Erlaubnis (327717) (Score: 6.667120)",de,-
dialog_2019-08-29T13-49-13.764_E544CB244814A1AF014C20E1F9FF6996.xml,Wer ist der aktuelle Oberbürgermeister?,EXTERN_ANSWER,1.) Rathaus Aktuell (3252971) (Score: 14.016718)<br />2.) Aktuelle Ereignisse (3252890) (Score: 12.731676)<br />3.) Europa Aktuell - Veranstaltungskalender (3251250) (Score: 11.655954)<br />4.) Bundesrat - Aktuelles aus der Bundesratssitzung (32529112) (Score: 11.456266),de,-
dialog_2019-08-08T09-09-19.894_E4560D0E781A715BBA072212FE64922C.xml,Wann werden Termine für die Einbürgerung freigeschaltet?,SMALLTALK_ANSWER,,de,"Die Freischaltung neuer Termine erfolgt dezentral anhand der Planung der jewiligen Ämter. Es erfolgt keine gebündelte Freischaltung neuer Termine zu einem konkreten Zeitpunkt. Da es aber immer auch Terminabsagen gibt, können kurzfristig Termine frei werden."
dialog_2019-08-15T00-22-38.513_CD5CB180C6ADADC25664016D56D8FC3E.xml,Can I do the Anmeldung without an appointment?,SERVICE_SELECTION_REQUEST,"1.) Registration of an apartment (120686) (score: 41.230300)<br />2.) Trade - Registration (121921) (score: 34.087290)<br />3.) Foundations - tax registration of enterprises, companies, associations, trades, self-employment or agricultural and forestry activities (325409) (score: 21.706260)<br />4.) Income tax registration (326287) (score: 21.640831)<br />5.) Marriage - with foreign participation - information, advice and registration (318962) (score: 21.640831) 5.) Marriage - with foreign participation - information, advice and registration (318962) (score: 121921) (score: 34.087290)",en,0
dialog_2019-08-07T08-09-02.689_01640DD5D9F43CEE2489B90B85BFA472.xml,ich möchte gerne eine zulassungsstelle kontaktieren,LOCATION_SELECTION_REQUEST,1.) Kfz-Zulassungsbehörde-Lichtenberg (121362) (Score: 9.124905)<br />2.) Kfz-Zulassungsbehörde-Friedr.-Kreuzberg (121364) (Score: 9.124905)<br />3.) Kfz-Zulassungsbehörde - Berlin Lichtenberg - Ausfuhrkennzeichen (324315) (Score: 9.124905)<br />4.) Kfz-Zulassungsbehörde-Friedr.-Kreuzberg - Rote Kennzeichen (326163) (Score: 9.124905)<br />5.) Kfz-Zulassungsbehörde-Friedr.-Kreuzberg - Wiedererfassung (327052) (Score: 9.124905),de,121364
dialog_2019-08-21T16-29-47.352_5C3F1990911D4F50D2332AD14FB2AD0B.xml,Sind noch Termine in irgendeinem Bürgeramt am 30.8. frei?,LOCATION_SELECTION_REQUEST,1.) Bürgeramt I in Köpenick (122208) (Score: 2.168345)<br />2.) Bürgeramt Halemweg (Außenstelle) (122210) (Score: 2.168345)<br />3.) Bürgeramt Heerstraße (122217) (Score: 2.168345)<br />4.) Bürgeramt Hohenzollerndamm (122219) (Score: 2.168345)<br />5.) Bürgeramt II in Schöneweide (122226) (Score: 2.168345)<br />6.) Bürgeramt Wilmersdorfer Straße (122227) (Score: 2.168345),de,122208
dialog_2019-08-18T19-05-43.135_D741362BCF3E7BBA789D4172979438D1.xml,Reisepass ,SERVICE_SELECTION_REQUEST,"1.) Reisepass beantragen (121151) (Score: 55.819410)<br />2.) Kinderreisepass beantragen / verlängern / aktualisieren (121469) (Score: 53.546192)<br />3.) Reisepass beantragen (vorläufiger Reisepass) (121153) (Score: 50.425747)<br />4.) Reisepass abholen (324573) (Score: 43.537773)<br />5.) Reisepassverlust (121368) (Score: 39.342350)<br />6.) Reisepass für in Berlin nicht gemeldete Personen, Touristen und Deutsche mit Wohnsitz im Ausland (306704) (Score: 38.750960)",de,121151
dialog_2019-08-15T17-02-29.881_01B89EF0532997056A7F93DEC3456390.xml,Brauche eine meldebestätigung für mein sohn,SERVICE_SELECTION_REQUEST,1.) Meldebescheinigung beantragen (120702) (Score: 21.925247)<br />2.) Geburtsurkunde  Ausstellung (318960) (Score: 12.292630)<br />3.) Geburtsurkunde - Erstbeurkundung - Anzeige (318957) (Score: 11.843718),de,0
dialog_2019-08-25T07-54-37.282_A0DCC5E9FD56F18E82598E1C8AED95E0.xml,Termin Standesamt Pankow,LOCATION_SELECTION_REQUEST,1.) Standesamt Pankow - Eheregister und Lebenspartnerschaftsregister (122913) (Score: 5.221929)<br />2.) Standesamt Pankow (326147) (Score: 5.221929)<br />3.) Standesamt Pankow - Geburten (326682) (Score: 5.221929)<br />4.) Standesamt Pankow - Sterberegister (326684) (Score: 5.221929)<br />5.) Standesamt Pankow - Urkundenstelle und Namenserklärungen (326686) (Score: 5.221929)<br />6.) Standesamt Pankow - Einbürgerung / Staatsangehörigkeitsangelegenheiten (327427) (Score: 5.221929),de,122913
dialog_2019-08-03T13-32-15.148_305767D1D130CCBBB508B98B95B2C0FA.xml,Termin vereinbaren,ANSWER,,de,"<span class=""bitter-bold-italic"">Termine</span> können Sie gerne online auf der Webseite vereinbaren:"
dialog_2019-08-25T17-13-02.097_D87361ACA37DD8959829AFBB2F9BDD29.xml,Personalausweis  termin,SERVICE_SELECTION_REQUEST,"1.) Personalausweis beantragen (120703) (Score: 74.890260)<br />2.) Verlust des Personalausweises melden (Verlustanzeige) (120726) (Score: 56.892704)<br />3.) Personalausweis vorläufig beantragen (120682) (Score: 56.330074)<br />4.) Personalausweis abholen (324325) (Score: 37.197357)<br />5.) Personalausweis, vorläufig, für Berliner Einwohner ohne feste Wohnung bzw. für Personen, die außerhalb von Berlin gemeldet sind (306684) (Score: 29.859623)<br />6.) Personalausweis für in Berlin nicht gemeldete Personen, Touristen und Deutsche mit Wohnsitz im Ausland (326550) (Score: 29.374180)",de,120703
dialog_2019-08-15T19-55-18.427_7C2DE008BF6E64EB1FB59EB8A764C652.xml,Habe meinen Termin vergessen und aus versehen die Email gelöscht wie kann ich ihn rausfinden ,SERVICE_SELECTION_REQUEST,1.) Kraftfahrzeug - Wiederzulassung eines länger als 7 Jahre abgemeldeten Fahrzeugs (328837) (Score: 9.594410),de,-
dialog_2019-08-07T18-26-44.237_2ECC022FCBB893DF1D92906E2AFBC5FC.xml,Certificate of marital status ,SERVICE_SELECTION_REQUEST,1.) Ausstellung einer Unbedenklichkeitsbescheinigung (Certificate of good standing) (325601) (Score: 65.458690)<br />2.) Baugenehmigung  Sachstandabfrage (326710) (Score: 14.995466),de,-
dialog_2019-08-19T07-01-19.059_452BA8BB78E4AC1E1BD422B6015998AA.xml,Termine Führungszeugnis,SERVICE_SELECTION_REQUEST,"1.) Führungszeugnis (120926) (Score: 38.796380)<br />2.) Ehefähigkeitszeugnis  Beratung, Antrag,  Ausstellung (318993) (Score: 6.421312)<br />3.) Ehefähigkeitszeugnis - Ausstellung (318994) (Score: 5.419035)<br />4.) Ehefähigkeitszeugnis - Ausstellung - ohne jemals Inlandswohnsitz (326195) (Score: 5.419035)",de,120926
dialog_2019-08-15T22-48-52.94_EC408CAD6D3ADB76DC1C189FBB50C593.xml,Deutsche pass,SERVICE_SELECTION_REQUEST,"1.) Reisepass beantragen (121151) (Score: 57.379967)<br />2.) Kinderreisepass beantragen / verlängern / aktualisieren (121469) (Score: 54.654102)<br />3.) Reisepass beantragen (vorläufiger Reisepass) (121153) (Score: 50.950310)<br />4.) Reisepass abholen (324573) (Score: 47.119800)<br />5.) berlinpass beantragen (121742) (Score: 45.184925)<br />6.) Kinderreisepass für in Berlin nicht gemeldete Personen, Touristen und Deutsche mit Wohnsitz im Ausland (326548) (Score: 43.991990)",de,0
dialog_2019-08-05T10-48-55.728_87C6DFC67D752322A958455E5B5A1F02.xml,Ich brauche eine Auskunft über meine Wohnsitze der letzten 5  Jahre,SERVICE_SELECTION_REQUEST,1.) Anmeldung einer Wohnung (120686) (Score: 81.420746)<br />2.) Änderung/Wechsel der Hauptwohnung (120697) (Score: 43.179066)<br />3.) Abmeldung einer Wohnung (120335) (Score: 42.425186)<br />4.) Melderegisterauskunft einholen (120732) (Score: 39.368885)<br />5.) Melderegisterauskunft online für Einzelabfrager (318913) (Score: 35.536087)<br />6.) Zweitwohnungsteuer bezahlen (121859) (Score: 34.353657),de,-
dialog_2019-08-15T18-43-24.828_F11F6449B96F62AD79A8D899F19B6F62.xml,muss neuen Ausweis beantragen im Bürgeramt Reinickendorf,LOCATION_SELECTION_REQUEST,1.) Bürgeramt Rathaus Reinickendorf (122304) (Score: 4.773250)<br />2.) Bürgeramt Reinickendorf-Ost (122311) (Score: 4.773250)<br />3.) Bürgeramt - Bereich Berlinpass (122316) (Score: 4.773250)<br />4.) Mobiles Bürgeramt Reinickendorf Ost (324434) (Score: 4.773250)<br />5.) Bürgeramt Tegel (122309) (Score: 8.069086)<br />6.) Bürgeramt Märkisches Viertel (122314) (Score: 13.971720),de,122311
dialog_2019-08-07T09-39-15.67_B7945CC54649E244C2BF9DCE6484D713.xml,"heute ich habe termin zu erneuerung des reisepass, ich habe den code verloren",SERVICE_SELECTION_REQUEST,"1.) Reisepass beantragen (121151) (Score: 55.747448)<br />2.) Kinderreisepass beantragen / verlängern / aktualisieren (121469) (Score: 53.477780)<br />3.) Reisepass beantragen (vorläufiger Reisepass) (121153) (Score: 50.358868)<br />4.) Reisepassverlust (121368) (Score: 44.582657)<br />5.) Reisepass abholen (324573) (Score: 43.480526)<br />6.) Reisepass für in Berlin nicht gemeldete Personen, Touristen und Deutsche mit Wohnsitz im Ausland (306704) (Score: 38.706750)",de,121469
dialog_2019-08-23T19-48-45.963_6B72DE7EC1531CB39A6F7E185F177E85.xml,Reisepass Wohnort ändern,SERVICE_SELECTION_REQUEST,"1.) Reisepass beantragen (121151) (Score: 55.814125)<br />2.) Kinderreisepass beantragen / verlängern / aktualisieren (121469) (Score: 53.542522)<br />3.) Reisepass beantragen (vorläufiger Reisepass) (121153) (Score: 50.422134)<br />4.) Reisepass abholen (324573) (Score: 43.534237)<br />5.) Reisepassverlust (121368) (Score: 39.339462)<br />6.) Reisepass für in Berlin nicht gemeldete Personen, Touristen und Deutsche mit Wohnsitz im Ausland (306704) (Score: 38.748430)",de,0
dialog_2019-08-29T12-14-29.857_B207F711D242CB1CA567D3228549FC20.xml,Abmeldung può essere fatto via posta? ,SERVICE_SELECTION_REQUEST,1.,it,120335
dialog_2019-08-26T11-14-32.389_E5193AC51AC7F9A4119AD3D4C9AE1420.xml,Ich muss mich anmelden an meiner neuen wohnung. Ichkriege aber nicht innerhalb von 14 Tagen einen Termin. Ich brauche einen Termin in Spandau,SERVICE_SELECTION_REQUEST,1.) Anmeldung einer Wohnung (120686) (Score: 98.243750)<br />2.) Änderung/Wechsel der Hauptwohnung (120697) (Score: 48.256157)<br />3.) Abmeldung einer Wohnung (120335) (Score: 45.186620)<br />4.) Kita-Gutschein (324873) (Score: 38.520836)<br />5.) Zweitwohnungsteuer bezahlen (121859) (Score: 37.512085)<br />6.) Hilfe zur Erziehung - Erziehung in einer Tagesgruppe (328102) (Score: 31.368284),de,120686
dialog_2019-08-30T22-00-20.997_8238AEFC9D44F80FBD64178F6CEB2653.xml,gesundheitszeugnis termin,SERVICE_SELECTION_REQUEST,1.) Tiere - Gesundheitsbescheinigung für Tiere (326275) (Score: 16.354979)<br />2.) Belehrung nach dem Infektionsschutzgesetz - Bescheinigung (324295) (Score: 9.105077),de,324295
dialog_2019-08-08T00-01-37.743_50210EF0BCB7967E12862D33D2E82940.xml,"Wenn ich meine Zweitwohnung abmelde, muss ich dann für den Rest des Jahres keine Zweitwohnungssteuer bezahlen?",SERVICE_SELECTION_REQUEST,1.) Zweitwohnungsteuer bezahlen (121859) (Score: 59.299730)<br />2.) Freibeträge für Kinder ab 18 Jahren (Besonderheiten) (325821) (Score: 29.674437)<br />3.) Kraftfahrzeug außer Betrieb setzen (Kfz abmelden) (120877) (Score: 26.884405)<br />4.) Abmeldung einer Wohnung (120335) (Score: 22.514202)<br />5.) Kraftfahrzeug - Internetbasierte Außerbetriebsetzung (326618) (Score: 21.403940)<br />6.) Gewerbe - Abmeldung (122107) (Score: 15.074574),de,0
dialog_2019-08-13T13-08-49.999_D4A697EFEC0B4184AB6C4732EC4F8A0E.xml,Ich möchte gerne eine Meldebescheinigung online beantragen. Ist das möglich?,SERVICE_SELECTION_REQUEST,1.) Meldebescheinigung beantragen (120702) (Score: 46.952606)<br />2.) Melderegisterauskunft online für Einzelabfrager (318913) (Score: 29.228928)<br />3.) Melderegisterauskunft online für registrierte Großkunden (318915) (Score: 28.000010)<br />4.) Umsatzsteuer - Registrierung von Unternehmern (z. B. Online-Händler) mit Sitz im Drittland (328260) (Score: 21.122341)<br />5.) Personalausweis beantragen (120703) (Score: 14.978001)<br />6.) Schuldnerverzeichnis nach neuem Recht (Online) - Auskunft (326854) (Score: 11.719534),de,120702
dialog_2019-08-28T10-30-53.334_818AAF506AD80125564E5467B1F0FFBE.xml,Wann werden die Termine für das Standesamt Berlin-Mitte frei gegegeben?,LOCATION_SELECTION_REQUEST,1.) Standesamt Mitte von Berlin (122908) (Score: 4.839559)<br />2.) Standesamt Mitte - Heirat - (327795) (Score: 4.839559)<br />3.) Standesamt Mitte - Geburt - (328631) (Score: 4.839559)<br />4.) Standesamt Mitte - Namenserklärungen (328698) (Score: 4.839559)<br />5.) Standesamt I in Berlin (311322) (Score: 2.503883),de,327795
dialog_2019-08-05T16-33-05.911_C7A2E5CFF9A9668F221A901F4938C1FD.xml,Reisepass - 1 Termin für zwei Anträge,SERVICE_SELECTION_REQUEST,"1.) Reisepass beantragen (121151) (Score: 77.686905)<br />2.) Reisepass abholen (324573) (Score: 59.747410)<br />3.) Kinderreisepass beantragen / verlängern / aktualisieren (121469) (Score: 59.185955)<br />4.) Reisepass beantragen (vorläufiger Reisepass) (121153) (Score: 55.621030)<br />5.) Reisepass für in Berlin nicht gemeldete Personen, Touristen und Deutsche mit Wohnsitz im Ausland (306704) (Score: 53.069660)<br />6.) Reisepassverlust (121368) (Score: 43.554860)",de,121151
dialog_2019-08-29T19-54-52.571_7869AA694A018F8AF1AB871A0770EBDA.xml,Eheschließung online,SERVICE_SELECTION_REQUEST,"1.) Eheschließung - Durchführung (318968) (Score: 16.325832)<br />2.) Eheschließung im Ausland - Beratung und Nachbeurkundung einer Eheschließung (318966) (Score: 15.316990)<br />3.) Melderegisterauskunft online für Einzelabfrager (318913) (Score: 14.628505)<br />4.) Eheschließung - mit Auslandsbeteiligung - Auskunft, Beratung und Anmeldung (318962) (Score: 13.663601)<br />5.) Namensrechtliche Erklärungen - Erklärung - bei Eheschließung und ohne Inlandswohnsitz (326101) (Score: 12.290026)<br />6.) Eheschließung - ohne Auslandsbeteiligung - Auskunft, Beratung und Anmeldung (318961) (Score: 12.138956)",de,-
dialog_2019-08-26T10-48-54.405_CA4D9D98C3E39B9444CF905A3B14735A.xml,Wer leitet das bürgeramt neukölln,LOCATION_SELECTION_REQUEST,"1.) Bürgeramt Rathaus Neukölln (122285) (Score: 4.528545)<br />2.) Bürgeramt Sonnenallee, Neukölln (122286) (Score: 4.528545)<br />3.) Bürgeramt Blaschkoallee, Neukölln (122291) (Score: 4.528545)<br />4.) Bürgeramt Zwickauer Damm, Neukölln (122296) (Score: 4.528545)<br />5.) Mobiles Bürgeramt Rudow (325657) (Score: 8.083893)<br />6.) Mobiles Bürgeramt Alt-Buckow (327262) (Score: 8.083893)",de,122285
dialog_2019-08-29T20-12-49.162_8BBEF7BF108179B57E7A543863648FED.xml,ich habe keine bestätigung für meinen termin bekommen,SERVICE_SELECTION_REQUEST,1.) Spielgeräte mit Gewinnmöglichkeit - Bestätigung Aufstellort (327495) (Score: 30.456966)<br />2.) Anmeldung einer Wohnung (120686) (Score: 29.411043)<br />3.) Kraftfahrzeug - elektronische Versicherungsbestätigung (297023) (Score: 28.516619)<br />4.) Bestätigung der Echtheit des Zeugnisses der Ärztlichen Prüfung / der Approbation als Ärztin / Arzt (Verifikation) (325733) (Score: 27.523548)<br />5.) Meldebescheinigung beantragen (120702) (Score: 16.216020)<br />6.) Tiere - Hundehaltung - Prüfung - Hunderasse (325841) (Score: 10.723913),de,120686
dialog_2019-08-25T15-00-03.243_5E8399EC01CFB1673CFAA87946AD8AA1.xml,Habe ich einen Termin gebucht?,ANSWER,,de,"<span class=""bitter-bold-italic"">Termine</span> können Sie gerne online auf der Webseite vereinbaren:"
dialog_2019-08-19T13-14-52.041_0258F2F9D64B71C1AE9E4F4630445F8B.xml,Welche Unterlagen bei Eigentumswohnung und Ummeldung,SERVICE_SELECTION_REQUEST,1.) Anmeldung einer Wohnung (120686) (Score: 42.996914)<br />2.) Gewerbe - Ummeldung (122111) (Score: 39.278053)<br />3.) Änderung/Wechsel der Hauptwohnung (120697) (Score: 29.621557)<br />4.) Tiere - Hundehaltung - Ummeldung - Gefährlicher Hund (326261) (Score: 27.467363)<br />5.) Sozialversicherung - Auskunft - Beglaubigung in Sozialversicherungsangelegenheiten (326015) (Score: 15.518354)<br />6.) Umschreibung eines zugelassenen Fahrzeuges mit Berliner Kennzeichen auf einen anderen Halter (120906) (Score: 14.734466),de,-
dialog_2019-08-30T12-04-13.355_24B609F89F415674BC3D58A20E5D6DFE.xml,"Mein Personalausweis ist abgelaufen. Ich brauche wegen Geschäftsreise schnellstmöglich einen Neuen, auch vorläufigen. Die Termine sind in den kommenden Wochen alle ausgebucht. Kann ich direkt zum Bürgeramt (Hohenzollerndamm) gehenß",LOCATION_SELECTION_REQUEST,1.) Bürgeramt Hohenzollerndamm (122219) (Score: 8.933521)<br />2.) Bürgeramt 1 (Neu- Hohenschönhausen) (122252) (Score: 7.154362)<br />3.) Bürgeramt Rathaus Mitte - Bewohnerparkausweise für die neuen Parkzonen 36 und 37 (327942) (Score: 5.655649)<br />4.) Bürgeramt I in Köpenick (122208) (Score: 2.174000)<br />5.) Bürgeramt Halemweg (Außenstelle) (122210) (Score: 2.174000)<br />6.) Bürgeramt Heerstraße (122217) (Score: 2.174000),de,122219
dialog_2019-08-19T15-28-06.961_B5D0FB15D6B1FBB9F7CE2E258BBB15F5.xml,Mehrere Anliegen,SERVICE_SELECTION_REQUEST,"1.) Gehwegüberfahrten - Herstellung und Änderung durch den Anlieger (324499) (Score: 34.321236)<br />2.) Einzelgenehmigung für Kleinkrafträder, vierrädrige Leichtkraftfahrzeuge, motorisierte Krankenfahrstühle sowie selbstfahrende Arbeitsmaschinen und Stapler mit einer bauartbedingten Höchstgeschwindigkeit von nicht mehr als 20 km/h (327076) (Score: 11.203440)<br />3.) Änderung/Wechsel der Hauptwohnung (120697) (Score: 9.080149)<br />4.) Zusammenrechnung mehrerer Einkommen der Schuldnerin oder des Schuldners (327096) (Score: 8.221991)",de,-
dialog_2019-08-07T09-41-31.627_D4536BA94C337C64A67C8C7E31BE3165.xml,Kann ich auch mit Wartezeit und ohne Termin zum Bürgeramt gehen und einen Reisepass beantragen,LOCATION_SELECTION_REQUEST,1.) Bürgeramt I in Köpenick (122208) (Score: 2.164557)<br />2.) Bürgeramt Halemweg (Außenstelle) (122210) (Score: 2.164557)<br />3.) Bürgeramt Heerstraße (122217) (Score: 2.164557)<br />4.) Bürgeramt Hohenzollerndamm (122219) (Score: 2.164557)<br />5.) Bürgeramt II in Schöneweide (122226) (Score: 2.164557)<br />6.) Bürgeramt Wilmersdorfer Straße (122227) (Score: 2.164557),de,0
dialog_2019-08-15T12-18-34.273_3B265CE7899A6CF918EF08E967D22F62.xml,ich will eine wohnung anmelden,SERVICE_SELECTION_REQUEST,1.) Anmeldung einer Wohnung (120686) (Score: 90.497750)<br />2.) Änderung/Wechsel der Hauptwohnung (120697) (Score: 44.923220)<br />3.) Abmeldung einer Wohnung (120335) (Score: 41.893818)<br />4.) Zweitwohnungsteuer bezahlen (121859) (Score: 37.511116)<br />5.) Ferienwohnungsvermietung    Genehmigung einer zeitweisen Vermietung der Berliner Hauptwohnung oder Nebenwohnung (328146) (Score: 28.183739)<br />6.) Hilfe bei drohender oder bereits eingetretener Wohnungslosigkeit (324485) (Score: 26.907187),de,-
dialog_2019-08-21T00-02-38.252_AB357B8562449A394D469C7D0B714DE7.xml,schwerbehindertenkarte eu,SERVICE_SELECTION_REQUEST,1.) Aufenthaltserlaubnis für in anderen EU-Staaten langfristig Aufenthaltsberechtigte (325475) (Score: 11.564570)<br />2.) Blaue Karte EU (324659) (Score: 11.042285)<br />3.) Zulassung eines aus einem Nicht-EU-Mitgliedstaat eingeführten Neufahrzeuges (120892) (Score: 10.883055)<br />4.) Zulassung eines aus dem EU-Ausland / EWR eingeführten Gebrauchtfahrzeuges (120884) (Score: 10.708260)<br />5.) Zulassung eines aus dem EU-Ausland eingeführten fabrikneuen Fahrzeuges mit Zulassungsbescheinigung Teil II (324199) (Score: 10.695267)<br />6.) Zulassung eines aus dem Nicht-EU-Mitgliedstaat eingeführten Gebrauchtfahrzeuges (324197) (Score: 10.671744),de,325475
dialog_2019-08-13T11-25-09.505_787B5A55B1319C32FB3E17F7A31818AF.xml,Wie alt bist Du?,SMALLTALK_ANSWER,,de,"Ich bin ein Bot, noch jung an Jahren aber voll mit Algorithmik und Wissen."
dialog_2019-08-26T17-52-22.282_B3BE16FCE34E0643419BBA84404004FC.xml,Wann ist mein Termin?,SMALLTALK_ANSWER,,de,"Wenn Sie Ihre Termindaten vergessen haben, können Sie das Behördentelefon 115 anrufen. Dort werden Sie nach den hinterlegten Daten gefragt (z.B. Name, E-Mail-Adresse)."
dialog_2019-08-29T12-52-00.45_4D31CF9B638091A6B4E8877A4C09B2C5.xml,Vorläufiger personalausweis,SERVICE_SELECTION_REQUEST,"1.) Personalausweis vorläufig beantragen (120682) (Score: 80.827360)<br />2.) Personalausweis beantragen (120703) (Score: 74.892456)<br />3.) Verlust des Personalausweises melden (Verlustanzeige) (120726) (Score: 56.893944)<br />4.) Personalausweis, vorläufig, für Berliner Einwohner ohne feste Wohnung bzw. für Personen, die außerhalb von Berlin gemeldet sind (306684) (Score: 38.575043)<br />5.) Personalausweis abholen (324325) (Score: 37.198887)<br />6.) Personalausweis für in Berlin nicht gemeldete Personen, Touristen und Deutsche mit Wohnsitz im Ausland (326550) (Score: 29.375990)",de,120682
dialog_2019-08-16T19-01-26.525_5A55E39025B38559D0274467B2A8D46A.xml,Kurzfristig personalausweis beantragen,SERVICE_SELECTION_REQUEST,"1.) Personalausweis beantragen (120703) (Score: 74.896965)<br />2.) Verlust des Personalausweises melden (Verlustanzeige) (120726) (Score: 56.893826)<br />3.) Personalausweis vorläufig beantragen (120682) (Score: 56.333748)<br />4.) Personalausweis abholen (324325) (Score: 37.182312)<br />5.) Personalausweis, vorläufig, für Berliner Einwohner ohne feste Wohnung bzw. für Personen, die außerhalb von Berlin gemeldet sind (306684) (Score: 29.849644)<br />6.) Personalausweis für in Berlin nicht gemeldete Personen, Touristen und Deutsche mit Wohnsitz im Ausland (326550) (Score: 29.365639)",de,120703
dialog_2019-08-21T17-41-37.587_93AE0CE72655092386C5329701B0F63A.xml,ich möchte einen termin im bürgeramt vereinbaren,LOCATION_SELECTION_REQUEST,1.) Bürgeramt I in Köpenick (122208) (Score: 2.168345)<br />2.) Bürgeramt Halemweg (Außenstelle) (122210) (Score: 2.168345)<br />3.) Bürgeramt Heerstraße (122217) (Score: 2.168345)<br />4.) Bürgeramt Hohenzollerndamm (122219) (Score: 2.168345)<br />5.) Bürgeramt II in Schöneweide (122226) (Score: 2.168345)<br />6.) Bürgeramt Wilmersdorfer Straße (122227) (Score: 2.168345),de,-
dialog_2019-08-22T10-08-42.703_0B51F68648CB92593C5A4FE39F0A534B.xml,ich habe Termin gebucht,ANSWER,,de,"<span class=""bitter-bold-italic"">Termine</span> können Sie gerne online auf der Webseite vereinbaren:"
dialog_2019-08-27T22-34-05.436_5C6B8D10FCE6A2AB8F7914B0869AE78B.xml,suche einen termin zur anmeldung eines wohnsitzes,SERVICE_SELECTION_REQUEST,1.) Anmeldung einer Wohnung (120686) (Score: 122.332275)<br />2.) Änderung/Wechsel der Hauptwohnung (120697) (Score: 42.945860)<br />3.) Abmeldung einer Wohnung (120335) (Score: 42.198590)<br />4.) Zweitwohnungsteuer bezahlen (121859) (Score: 34.198715)<br />5.) Gewerbe - Anmeldung (121921) (Score: 34.117046)<br />6.) Meldebescheinigung beantragen (120702) (Score: 28.668825),de,120686
dialog_2019-08-22T11-11-20.427_B52BA8E7D553E7791FE3170A74DC88D6.xml,Wann hat das Bürgeramt Neukölln geöffnet,LOCATION_SELECTION_REQUEST,"1.) Bürgeramt Rathaus Neukölln (122285) (Score: 4.540387)<br />2.) Bürgeramt Sonnenallee, Neukölln (122286) (Score: 4.540387)<br />3.) Bürgeramt Blaschkoallee, Neukölln (122291) (Score: 4.540387)<br />4.) Bürgeramt Zwickauer Damm, Neukölln (122296) (Score: 4.540387)<br />5.) Mobiles Bürgeramt Rudow (325657) (Score: 8.076504)<br />6.) Mobiles Bürgeramt Alt-Buckow (327262) (Score: 8.076504)",de,122285
dialog_2019-08-11T13-40-03.405_34823128F9D36D7D5E96289F85337637.xml,"Habe meinen KFZ Brief verloren, das Auto ist seit 15 Jahren in meinem Besitz, Wie kann ich einen neuen beantragen ?",LOCATION_SELECTION_REQUEST,1.) Kfz-Zulassungsbehörde-Lichtenberg (121362) (Score: 14.216609)<br />2.) Kfz-Zulassungsbehörde-Friedr.-Kreuzberg (121364) (Score: 13.669443)<br />3.) Kfz-Zulassungsbehörde - Berlin Lichtenberg - Ausfuhrkennzeichen (324315) (Score: 13.228537)<br />4.) Kfz-Zulassungsbehörde-Friedr.-Kreuzberg - Wiedererfassung (327052) (Score: 13.228537)<br />5.) Kfz-Zulassungsbehörde-Friedr.-Kreuzberg - Rote Kennzeichen (326163) (Score: 12.865677),de,121364
dialog_2019-08-29T12-17-05.742_9C8E75B7260AAA08940A44CE983A70C4.xml,Ich brauche einen Termin für ein Führungszeugnis,SERVICE_SELECTION_REQUEST,"1.) Führungszeugnis (120926) (Score: 77.571075)<br />2.) Ehefähigkeitszeugnis  Beratung, Antrag,  Ausstellung (318993) (Score: 12.826542)<br />3.) Ehefähigkeitszeugnis - Ausstellung (318994) (Score: 10.824496)<br />4.) Ehefähigkeitszeugnis - Ausstellung - ohne jemals Inlandswohnsitz (326195) (Score: 10.824496)",de,0
dialog_2019-08-20T20-45-21.567_281757FE3450582AC020E398F126250E.xml,kann ich für die Beglaubigung einer Kopie auch ohne Termin zum Bürgeramt gehen,SERVICE_SELECTION_REQUEST,"1.) Beglaubigung von Kopien (121701) (Score: 57.553158)<br />2.) Beglaubigung von Urkunden für das Ausland (Apostille/Legalisation) (320315) (Score: 50.139084)<br />3.) Beglaubigung von Unterschriften (158142) (Score: 44.857020)<br />4.) Beglaubigung von notariellen Urkunden, Bescheinigungen und Übersetzungen für das Ausland (Apostille/Legalisation) (327408) (Score: 24.852098)<br />5.) Beglaubigung von Urteilen, Beschlüssen, Erbscheinen, Vergleichen für das Ausland (Apostille/Legalisation) (327403) (Score: 24.623440)<br />6.) Beglaubigungen von Auskünften in Steuersachen, Ansässigkeitsbescheinigungen für das Ausland (Apostille/Legalisation) (327459) (Score: 24.396843)",de,121701
dialog_2019-08-01T14-39-03.701_3502FBEC4A09526D94C7546D8F318D3B.xml,Wann kommen die ZEiten für Oktober im Standesamt Mitte,SERVICE_SELECTION_REQUEST,1.) Ladenöffnungszeiten - Ausnahmen aus besonderem Anlass (327974) (Score: 31.578170)<br />2.) Geburtsurkunde  Ausstellung (318960) (Score: 20.537016)<br />3.) Sozialversicherung - Auskunft - Kontenklärung für die gesetzliche Rentenversicherung (326007) (Score: 19.999762)<br />4.) Geburtsurkunde - Erstbeurkundung - Anzeige (318957) (Score: 19.787027)<br />5.) Sozialversicherung - Auskunft - Beglaubigung in Sozialversicherungsangelegenheiten (326015) (Score: 13.879919)<br />6.) Sozialversicherung - Auskunft (325541) (Score: 11.435951),de,0
dialog_2019-08-13T11-22-20.037_1549F9E7C895381F7A14998826605F11.xml,ich möchte ein führungszeugnis beantragen,SERVICE_SELECTION_REQUEST,"1.) Führungszeugnis (120926) (Score: 77.564390)<br />2.) Ehefähigkeitszeugnis  Beratung, Antrag,  Ausstellung (318993) (Score: 12.842625)<br />3.) Ehefähigkeitszeugnis - Ausstellung (318994) (Score: 10.838069)<br />4.) Ehefähigkeitszeugnis - Ausstellung - ohne jemals Inlandswohnsitz (326195) (Score: 10.838069)",de,120926
dialog_2019-08-24T16-18-13.869_ED60333A755DECA8FC0332F4607CBE50.xml,Wie bekomme ich einen Termin fürs Bürgeramt Mitte.-reisepass,LOCATION_SELECTION_REQUEST,1.) Bürgeramt Helle Mitte (122273) (Score: 4.509677)<br />2.) Bürgeramt Rathaus Mitte (122280) (Score: 4.509677)<br />3.) Bürgeramt  Bereich Leistungen für Bildung und Teilhabe (326001) (Score: 4.509677)<br />4.) Bürgeramt 4 (Flüchtlingsbürgeramt Mitte) (327539) (Score: 4.509677)<br />5.) Bürgeramt Rathaus Mitte - Bewohnerparkausweise für die neuen Parkzonen 36 und 37 (327942) (Score: 4.509677)<br />6.) Bürgeramt Wedding (122284) (Score: 6.617556),de,122284
dialog_2019-08-29T12-21-09.06_5D67FC7D6AC370E94532F25A5E5F84BB.xml,Ich möchte gerne meinen Wohnsitz in Berlin Kreuzberg anmelden,SERVICE_SELECTION_REQUEST,1.) Anmeldung einer Wohnung (120686) (Score: 124.691980)<br />2.) Änderung/Wechsel der Hauptwohnung (120697) (Score: 55.591550)<br />3.) Abmeldung einer Wohnung (120335) (Score: 54.957287)<br />4.) Zweitwohnungsteuer bezahlen (121859) (Score: 34.199547)<br />5.) berlinpass verlängern (325147) (Score: 25.275454)<br />6.) berlinpass beantragen (121742) (Score: 25.105350),de,0
dialog_2019-08-04T22-21-10.342_E49491C08D1A2D36100EFEBAA63ACE09.xml,Pass verloren,SERVICE_SELECTION_REQUEST,1.) Reisepass beantragen (121151) (Score: 52.476040)<br />2.) Kinderreisepass beantragen / verlängern / aktualisieren (121469) (Score: 50.024864)<br />3.) Reisepass beantragen (vorläufiger Reisepass) (121153) (Score: 46.680424)<br />4.) berlinpass beantragen (121742) (Score: 45.130985)<br />5.) Reisepass abholen (324573) (Score: 43.370922)<br />6.) berlinpass verlängern (325147) (Score: 42.047913),de,121151
dialog_2019-08-06T12-47-20.657_7AEE421F33BAE0FDDE34C7DD317BFDA3.xml,I am looking for an appartment,SERVICE_SELECTION_REQUEST,1.) Registration of an apartment (120686) (Score: 59.428257)<br />2.) Change/change of the main flat (120697) (Score: 41.228040)<br />3.) Deregistration of an apartment (120335) (Score: 38.252670)<br />4.) Pay secondary residence tax (121859) (Score: 37.470276)<br />5.) Holiday apartment rental - Approval of a temporary rental of the main apartment or secondary apartment in Berlin (328146) (Score: 28.428257) (Score: 28.428257) 2.) Change/change of the main flat (120697) (Score: 41.228040) 3.) Holiday apartment rental - Approval of a temporary rental of the main apartment or secondary apartment in Berlin (328146) (Score: 28.428257),en,324485
dialog_2019-08-05T16-25-56.688_1E97D301C09D690B33A9FF460098A1C2.xml,kann ich mehrere Reisepässe bei einem Termin beantragen,SERVICE_SELECTION_REQUEST,"1.) Reisepass beantragen (121151) (Score: 55.744606)<br />2.) Kinderreisepass beantragen / verlängern / aktualisieren (121469) (Score: 53.475555)<br />3.) Reisepass beantragen (vorläufiger Reisepass) (121153) (Score: 50.356594)<br />4.) Reisepass abholen (324573) (Score: 43.477524)<br />5.) Reisepassverlust (121368) (Score: 39.291626)<br />6.) Reisepass für in Berlin nicht gemeldete Personen, Touristen und Deutsche mit Wohnsitz im Ausland (306704) (Score: 38.705242)",de,-
dialog_2019-08-24T08-56-39.148_393ED445C11F514B6EBA342DC381E26C.xml,Welche Bürgerämter haben Samstags geöffnet?,LOCATION_SELECTION_REQUEST,1.) Bürgeramt I in Köpenick (122208) (Score: 2.174000)<br />2.) Bürgeramt Halemweg (Außenstelle) (122210) (Score: 2.174000)<br />3.) Bürgeramt Heerstraße (122217) (Score: 2.174000)<br />4.) Bürgeramt Hohenzollerndamm (122219) (Score: 2.174000)<br />5.) Bürgeramt II in Schöneweide (122226) (Score: 2.174000)<br />6.) Bürgeramt Wilmersdorfer Straße (122227) (Score: 2.174000),de,0
dialog_2019-08-27T18-05-32.12_6B2788EBAF2819D9EF56A75213EEFF04.xml,Was darf eine Wohnung kosten,SERVICE_SELECTION_REQUEST,1.) Anmeldung einer Wohnung (120686) (Score: 59.497353)<br />2.) Änderung/Wechsel der Hauptwohnung (120697) (Score: 41.275322)<br />3.) Abmeldung einer Wohnung (120335) (Score: 38.288395)<br />4.) Zweitwohnungsteuer bezahlen (121859) (Score: 37.512085)<br />5.) Ferienwohnungsvermietung    Genehmigung einer zeitweisen Vermietung der Berliner Hauptwohnung oder Nebenwohnung (328146) (Score: 28.203255)<br />6.) Hilfe bei drohender oder bereits eingetretener Wohnungslosigkeit (324485) (Score: 26.925735),de,-
dialog_2019-08-14T16-12-27.796_0F2F2EE829D1B0C3391CAB5F4819619B.xml,Kann ich mit dir Termine buchen?,ANSWER,,de,"<span class=""bitter-bold-italic"">Termine</span> können Sie gerne online auf der Webseite vereinbaren:"
dialog_2019-08-16T13-24-29.378_E2CD69AD6B28BBAE09D70F2591A0B55D.xml,Ummelden,SERVICE_SELECTION_REQUEST,1.) Anmeldung einer Wohnung (120686) (Score: 19.978197)<br />2.) Kraftfahrzeug ummelden  nach einem Umzug nach Berlin (120918) (Score: 16.039295)<br />3.) Gewerbe - Ummeldung (122111) (Score: 14.866125)<br />4.) Änderung/Wechsel der Hauptwohnung (120697) (Score: 11.765437)<br />5.) Abmeldung einer Wohnung (120335) (Score: 10.903912)<br />6.) Umschreibung eines zugelassenen Fahrzeuges mit Berliner Kennzeichen auf einen anderen Halter (120906) (Score: 7.867666),de,120686
dialog_2019-08-28T18-02-19.148_F38959B6136B41460762FB9DD342A9A5.xml,Welche Termine gibt es noch um sich anzumelden? ,SERVICE_SELECTION_REQUEST,1.) Anmeldung einer Wohnung (120686) (Score: 6.701285),de,120686
dialog_2019-08-01T10-28-19.059_DC4C8DE1BBA1B3FA8746217F051C99A1.xml,Terminvereinbarung Pankow ,ANSWER,,de,"<span class=""bitter-bold-italic"">Termine</span> können Sie gerne online auf der Webseite vereinbaren:"
dialog_2019-08-23T15-39-32.744_3DEE30DEC799B4C3634C3C5D7FD861E3.xml,kein termin frei,SMALLTALK_ANSWER,,de,"Die Freischaltung neuer Termine erfolgt dezentral anhand der Planung der jewiligen Ämter. Es erfolgt keine gebündelte Freischaltung neuer Termine zu einem konkreten Zeitpunkt. Da es aber immer auch Terminabsagen gibt, können kurzfristig Termine frei werden."
dialog_2019-08-21T14-12-28.193_B94337CDEE3EB7234384AD707647219D.xml,Ich habe meine Vorgangsnummer vergessen,SMALLTALK_ANSWER,,de,"Wenn Sie Ihre Termindaten vergessen haben, können Sie das Behördentelefon 115 anrufen. Dort werden Sie nach den hinterlegten Daten gefragt (z.B. Name, E-Mail-Adresse)."
dialog_2019-08-12T13-46-11.214_23C3210F5D1EF3AA6D41C4CAFF8C55D9.xml,Ich möchte eine Termin annullieren,ANSWER,,de,"<span class=""bitter-bold-italic"">Termine</span> können Sie gerne online auf der Webseite vereinbaren:"
dialog_2019-08-12T05-49-57.597_BFB43F09244B0988F35CE006A8142EA0.xml,bis wann kann ich heute den berlinpass verlängern ,SERVICE_SELECTION_REQUEST,"1.) berlinpass verlängern (325147) (Score: 63.695663)<br />2.) berlinpass beantragen (121742) (Score: 55.530120)<br />3.) Kinderreisepass beantragen / verlängern / aktualisieren (121469) (Score: 39.632343)<br />4.) Reisepass beantragen (121151) (Score: 34.005753)<br />5.) Reisepass für in Berlin nicht gemeldete Personen, Touristen und Deutsche mit Wohnsitz im Ausland (306704) (Score: 27.353770)<br />6.) Kinderreisepass für in Berlin nicht gemeldete Personen, Touristen und Deutsche mit Wohnsitz im Ausland (326548) (Score: 23.380297)",de,325147
dialog_2019-08-27T15-02-51.606_5D90CAB4F69AD7CA20599A359A2BEE73.xml,ich möchte heiraten,SERVICE_SELECTION_REQUEST,"1.) Eheschließung - Durchführung (318968) (Score: 31.297016)<br />2.) Eheschließung - mit Auslandsbeteiligung - Auskunft, Beratung und Anmeldung (318962) (Score: 26.720778)<br />3.) Eheschließung im Ausland - Beratung und Nachbeurkundung einer Eheschließung (318966) (Score: 26.653294)<br />4.) Eheschließung - Erstbeurkundung / Erstregistrierung einer Eheschließung im Ausland - ohne Inlandswohnsitz (326197) (Score: 24.256565)<br />5.) Eheschließung - ohne Auslandsbeteiligung - Auskunft, Beratung und Anmeldung (318961) (Score: 24.053398)<br />6.) Eheschließung - Anmeldung für Spätaussiedler (324553) (Score: 23.315556)",de,-
dialog_2019-08-26T12-09-49.362_95397A97EE978F6ECA348650B15F7ECD.xml,ich brauche eine Hauslhaltsbescheinigung für Kindergeld,EXTERN_ANSWER,1.) Kindergeld (32497920) (Score: 19.199003)<br />2.) Steuerarten (3250892) (Score: 2.040813),de,-
dialog_2019-08-22T15-24-19.581_E219AACB492CD326607AF69F3C37F85B.xml,wo kann ich einen online termin für KFZ Ummeldung machen,SERVICE_SELECTION_REQUEST,1.) Kraftfahrzeug ummelden  nach einem Umzug nach Berlin (120918) (Score: 48.559280)<br />2.) Anmeldung einer Wohnung (120686) (Score: 42.997433)<br />3.) Gewerbe - Ummeldung (122111) (Score: 39.281166)<br />4.) Änderung/Wechsel der Hauptwohnung (120697) (Score: 38.689340)<br />5.) Kraftfahrzeug außer Betrieb setzen (Kfz abmelden) (120877) (Score: 35.554565)<br />6.) Neufahrzeug anmelden (120882) (Score: 30.406290),de,120918
dialog_2019-08-07T09-16-04.059_AD57F0ABF7DC91E91985258128469DA4.xml,Wie kann ich meine Vorgangsnummer finden?,SMALLTALK_ANSWER,,de,"Wenn Sie Ihre Termindaten vergessen haben, können Sie das Behördentelefon 115 anrufen. Dort werden Sie nach den hinterlegten Daten gefragt (z.B. Name, E-Mail-Adresse)."
dialog_2019-08-27T10-02-20.753_81E0382CC78C57899B8CBCBD76D3D3AA.xml,brauch ich einen Termin für eine anmeldung,SERVICE_SELECTION_REQUEST,"1.) Anmeldung einer Wohnung (120686) (Score: 41.277473)<br />2.) Gewerbe - Anmeldung (121921) (Score: 34.117046)<br />3.) Gründungen - steuerliche Anmeldung von Unternehmen, Gesellschaften, Vereinen, Gewerben, Selbständigkeit oder land- und forstwirtschaftlicher Tätigkeit (325409) (Score: 21.730604)<br />4.) Lohnsteuer-Anmeldung (326287) (Score: 21.666355)<br />5.) Eheschließung - mit Auslandsbeteiligung - Auskunft, Beratung und Anmeldung (318962) (Score: 21.121056)<br />6.) Gewerbe - Anmeldung eines überwachungsbedürftigen Gewerbes (148182) (Score: 19.445350)",de,0
dialog_2019-08-22T20-26-03.188_035974181DD44C5690F0827669D71492.xml,"Um Meldung nicht möglich, da keine Termine frei sind",SERVICE_SELECTION_REQUEST,1.) Anmeldung einer Wohnung (120686) (Score: 46.501575)<br />2.) Kraftfahrzeug außer Betrieb setzen (Kfz abmelden) (120877) (Score: 32.615803)<br />3.) Abmeldung einer Wohnung (120335) (Score: 32.604576)<br />4.) Gewerbe - Anmeldung (121921) (Score: 28.892445)<br />5.) Kraftfahrzeug - Internetbasierte Außerbetriebsetzung (326618) (Score: 25.752241)<br />6.) Gewerbe - Abmeldung (122107) (Score: 22.654090),de,-
dialog_2019-08-11T14-17-43.785_4CDDAC355E0403FF8969BA99A7ED1438.xml,Großfamilientreffen Kienhorstpark-Müll!!!!! Parkwächter????? ,SERVICE_SELECTION_REQUEST,1.) Wilder Müll (illegal) - Entsorgung (326351) (Score: 42.406980)<br />2.) Sperrmüll (illegal) - Entsorgung (121898) (Score: 41.040780)<br />3.) Gewerbemüll (illegal) - Entsorgung (326349) (Score: 41.011986)<br />4.) Hausmüll (illegal) - Entsorgung (326345) (Score: 27.595518)<br />5.) Problemstoffe (illegal) - Entsorgung (326347) (Score: 14.561947)<br />6.) Altpapier (illegal) - Entsorgung (325951) (Score: 13.031902),de,0
dialog_2019-08-21T21-39-54.205_3FCB150268980143547C5184ED2B401D.xml,parkvignette,SERVICE_SELECTION_REQUEST,1.) Anwohner -/Bewohnerparkausweis - Antragstellung/Umschreibung/Verlängerung/Verlust (121721) (Score: 30.829525)<br />2.) Handwerkerparkausweis - Ausnahmegenehmigung Parken für Handwerksbetriebe (326523) (Score: 15.026884)<br />3.) Parkausweis für Schwerbehinderte Ausstellung (326439) (Score: 14.765388)<br />4.) Ausnahmegenehmigung für Gäste - Erteilung - Gästevignette (328493) (Score: 13.262581)<br />5.) Parkmöglichkeiten für schwerbehinderte Menschen  personenbezogen - Kennzeichnung - personengebunden (326453) (Score: 7.940031)<br />6.) Haltverbot für Umzüge (325649) (Score: 5.591674),de,121721
dialog_2019-08-30T08-59-12.101_FD334C0E061310A2BF622153F234F460.xml,Schnellst möglich einen Termin bitte,SERVICE_SELECTION_REQUEST,1.) Zeuginnen und Zeugen - Entschädigung in Straf- und Bußgeldverfahren (326716) (Score: 11.452648)<br />2.) Sachverständige - Vergütung in Straf- und Bußgeldverfahren (327194) (Score: 11.452648),de,0
dialog_2019-08-26T11-05-34.691_0E23F13A150B6B2E6CD93BC06588205D.xml,Wo muss ich ummelden?,SERVICE_SELECTION_REQUEST,1.) Anmeldung einer Wohnung (120686) (Score: 19.971004)<br />2.) Kraftfahrzeug ummelden  nach einem Umzug nach Berlin (120918) (Score: 15.623914)<br />3.) Gewerbe - Ummeldung (122111) (Score: 14.490336)<br />4.) Änderung/Wechsel der Hauptwohnung (120697) (Score: 11.388531)<br />5.) Abmeldung einer Wohnung (120335) (Score: 10.903991)<br />6.) Umschreibung eines zugelassenen Fahrzeuges mit Berliner Kennzeichen auf einen anderen Halter (120906) (Score: 7.867490),de,120686
dialog_2019-08-13T10-13-56.537_609DE2F0577F6171EDAECFBBF767C1BB.xml,wo kann ich einen personalausweis beantragen?,SERVICE_SELECTION_REQUEST,"1.) Personalausweis beantragen (120703) (Score: 74.873770)<br />2.) Verlust des Personalausweises melden (Verlustanzeige) (120726) (Score: 56.877754)<br />3.) Personalausweis vorläufig beantragen (120682) (Score: 56.316150)<br />4.) Personalausweis abholen (324325) (Score: 37.165768)<br />5.) Personalausweis, vorläufig, für Berliner Einwohner ohne feste Wohnung bzw. für Personen, die außerhalb von Berlin gemeldet sind (306684) (Score: 29.835424)<br />6.) Personalausweis für in Berlin nicht gemeldete Personen, Touristen und Deutsche mit Wohnsitz im Ausland (326550) (Score: 29.350765)",de,120703
dialog_2019-08-03T00-51-40.65_85D0D9E8E7AC68CD24A016E3C013A964.xml,Ich habe vergessen wann mein termin ist ,SMALLTALK_ANSWER,,de,"Wenn Sie Ihre Termindaten vergessen haben, können Sie das Behördentelefon 115 anrufen. Dort werden Sie nach den hinterlegten Daten gefragt (z.B. Name, E-Mail-Adresse)."
dialog_2019-08-09T01-39-38.231_6A0DACABEF8C635040B43B81296C4D3D.xml,Wann ist mein Termin ? Flamur Sejdini,EXTERN_ANSWER,1.) Elektronische Terminvereinbarung (3252611) (Score: 5.621448),de,-
dialog_2019-08-08T11-51-10.611_AEF557F6E6DF6A026EE6960DDD4615CB.xml,Wo kann ich mich a melden ohne Termin? Erstanmeldung in Berlin. ,SERVICE_SELECTION_REQUEST,1.) Anmeldung einer Wohnung (120686) (Score: 40.885740)<br />2.) Abmeldung einer Wohnung (120335) (Score: 28.337029)<br />3.) berlinpass verlängern (325147) (Score: 25.271500)<br />4.) berlinpass beantragen (121742) (Score: 25.104010)<br />5.) Kraftfahrzeug ummelden  nach einem Umzug nach Berlin (120918) (Score: 19.869036)<br />6.) Kraftfahrzeug außer Betrieb setzen (Kfz abmelden) (120877) (Score: 19.609230),de,120686
dialog_2019-08-27T09-26-14.298_DB072A34B80BD30EE4B943AF6478217D.xml,ich kann die nummer 115 nicht aus dem ausland anrufen,SERVICE_SELECTION_REQUEST,"1.) Grundstücksnummerbescheinigung (324701) (Score: 32.722890)<br />2.) Grundstücksnummerierung - Durchführung (324320) (Score: 28.967646)<br />3.) Ausfuhrkennzeichen beantragen für eingeführte Gebrauchtfahrzeuge aus dem Ausland (324185) (Score: 24.491005)<br />4.) Ausfuhrkennzeichen beantragen für eingeführte fabrikneue Fahrzeuge aus dem Ausland mit Fahrzeugbrief bzw. Zulassungsbescheinigung Teil II (324168) (Score: 23.036705)<br />5.) Ausfuhrkennzeichen beantragen für eingeführte fabrikneue Fahrzeuge aus dem Ausland ohne Fahrzeugbrief bzw. Zulassungsbescheinigung Teil II (324178) (Score: 23.036705)<br />6.) Eheschließung - mit Auslandsbeteiligung - Auskunft, Beratung und Anmeldung (318962) (Score: 18.814970)",de,-
dialog_2019-08-28T10-32-03.753_130EB40ADE9178C5265BA9FF21D9EDB6.xml,Wie lange dauert die Bearbeitung von Geburtsurkunden im Standesamt Lichtenberg ,SERVICE_SELECTION_REQUEST,1.) Geburtsurkunde  Ausstellung (318960) (Score: 62.146260)<br />2.) Geburtsurkunde - Erstbeurkundung - Anzeige (318957) (Score: 61.209244)<br />3.) Urkunden - Ausstellung - Geburtsurkunde bei Geburt im Ausland oder in einem ehemaligen deutschen Gebiet - (326181) (Score: 27.900387)<br />4.) Service-Konto Berlin Sicherheitsstufe 2  Hochstufung bzw. Bearbeitung der Nutzerdaten (328086) (Score: 13.885179)<br />5.) Geburt im Ausland  Beratung und Nachbeurkundung einer Geburt (318958) (Score: 11.939243)<br />6.) Geburt im Ausland - Nachbeurkundung (318959) (Score: 11.939243),de,318957
dialog_2019-08-21T06-30-29.294_25B90008DB2EC70F661284B1F4514910.xml,Termin kurzfristig ,ANSWER,,de,"<span class=""bitter-bold-italic"">Termine</span> können Sie gerne online auf der Webseite vereinbaren:"
dialog_2019-08-05T15-34-21.016_501B2AAB5CC77CC8E77A5E507FA1B83A.xml,Ich möchte mein Ausweis verlängern wie muss ich es machen,SERVICE_SELECTION_REQUEST,1.) Personalausweis beantragen (120703) (Score: 55.849100)<br />2.) Anwohner -/Bewohnerparkausweis - Antragstellung/Umschreibung/Verlängerung/Verlust (121721) (Score: 44.192840)<br />3.) Personalausweis vorläufig beantragen (120682) (Score: 42.562157)<br />4.) Verlust des Personalausweises melden (Verlustanzeige) (120726) (Score: 41.136845)<br />5.) Personalausweis abholen (324325) (Score: 39.971737)<br />6.) Schwerbehindertenausweis (121737) (Score: 36.685402),de,121721
dialog_2019-08-08T15-57-43.212_4BCF84295D97F44FA31C656FC2A797DF.xml,Wo ist die Standesamt Prenzlauer Berg?,LOCATION_SELECTION_REQUEST,1.) Standesamt Pankow - Eheregister und Lebenspartnerschaftsregister (122913) (Score: 5.203403)<br />2.) Standesamt Pankow (326147) (Score: 5.203403)<br />3.) Standesamt Pankow - Geburten (326682) (Score: 5.203403)<br />4.) Standesamt Pankow - Sterberegister (326684) (Score: 5.203403)<br />5.) Standesamt Pankow - Urkundenstelle und Namenserklärungen (326686) (Score: 5.203403)<br />6.) Standesamt Pankow - Einbürgerung / Staatsangehörigkeitsangelegenheiten (327427) (Score: 5.203403),de,122913
dialog_2019-08-30T19-04-08.443_DE1CE1FB554542031563848160B60C4B.xml,Termin vereinbaren,ANSWER,,de,"<span class=""bitter-bold-italic"">Termine</span> können Sie gerne online auf der Webseite vereinbaren:"
dialog_2019-08-12T15-52-52.613_340DCA86B94C10AE68C5F7E98776003E.xml,Fahrerkarte zusenden,SERVICE_SELECTION_REQUEST,1.) Fahrerkarte (121641) (Score: 18.329056),de,121641
dialog_2019-08-19T16-41-25.903_4604D599AD399C85E9D05FE210134707.xml,kann ich einen Termin für mehrere unterschiedliche Anliegen vereinbaren? ,SERVICE_SELECTION_REQUEST,"1.) Gehwegüberfahrten - Herstellung und Änderung durch den Anlieger (324499) (Score: 34.321236)<br />2.) Einzelgenehmigung für Kleinkrafträder, vierrädrige Leichtkraftfahrzeuge, motorisierte Krankenfahrstühle sowie selbstfahrende Arbeitsmaschinen und Stapler mit einer bauartbedingten Höchstgeschwindigkeit von nicht mehr als 20 km/h (327076) (Score: 11.203440)<br />3.) Änderung/Wechsel der Hauptwohnung (120697) (Score: 9.080149)<br />4.) Zusammenrechnung mehrerer Einkommen der Schuldnerin oder des Schuldners (327096) (Score: 8.221991)",de,0
dialog_2019-08-22T14-24-46.876_A89056045A10E8CDDBF33A8274346224.xml,Terminabsage,SMALLTALK_ANSWER,,de,"Wenn Sie Ihren Termin ändern oder absagen möchte, rufen Sie bitte die <a href=https://service.berlin.de/terminvereinbarung/termin/terminaendern.php class=extern target=_blank>Termin-Ändern-Seite des Service Portals Berlin</a> auf."
dialog_2019-08-20T10-33-16.192_DBD93BBB562ED5B2C9E1F2462C521DA5.xml,donde encuentro el formulario del anmeldung,SERVICE_SELECTION_REQUEST,1.,es,120686
dialog_2019-08-06T14-58-39.058_56BF59C7C5E7BFAC0A371BACE5002531.xml,Kann ich gleichzeitig einen Personalausweis und einen Reisepass beantrage?,SMALLTALK_ANSWER,,de,"Die Festlegung, ob mehrere Dienstleistungen zu einem Termin ausgewählt werden können, trifft jedes Amt individuell. Eine Mehrfachauswahl ist nur auf der jeweiligen Seite des Standortes möglich. Eine standortübergreifende Suche mit einer Mehrfachauswahl von Dienstleistungen ist aufgrund unterschiedlicher Standortvorgaben oder Zuständigkeiten bisher nicht möglich. Bitte fragen Sie beim jeweiligen Standort nach."
dialog_2019-08-02T12-17-24.582_7010B648B439AD288458015F83BBF831.xml,Freie termine bürgeramt,LOCATION_SELECTION_REQUEST,1.) Bürgeramt I in Köpenick (122208) (Score: 2.164557)<br />2.) Bürgeramt Halemweg (Außenstelle) (122210) (Score: 2.164557)<br />3.) Bürgeramt Heerstraße (122217) (Score: 2.164557)<br />4.) Bürgeramt Hohenzollerndamm (122219) (Score: 2.164557)<br />5.) Bürgeramt II in Schöneweide (122226) (Score: 2.164557)<br />6.) Bürgeramt Wilmersdorfer Straße (122227) (Score: 2.164557),de,122208
dialog_2019-08-29T18-44-12.627_8A739C4C26DC29A65AF0E97C34D74374.xml,Kein Termin m,ANSWER,,de,"<span class=""bitter-bold-italic"">Termine</span> können Sie gerne online auf der Webseite vereinbaren:"
dialog_2019-08-22T12-37-17.895_7EBA8638A08B49F7F3A368B995A4F708.xml,Warum wurde der Termin am Samstag den 24.08.19 im Bezirksamt Reinickendorf storniert? Ohne Begründung...,SERVICE_SELECTION_REQUEST,1.) Lebenspartnerschaft - Begründung von Lebenspartnerschaften (324665) (Score: 15.425963)<br />2.) Lebenspartnerschaft - Nachbeurkundung einer Begründung einer Lebenspartnerschaft im Ausland (324957) (Score: 14.075715)<br />3.) Lebenspartnerschaft - Erstbeurkundung / Erstregistrierung einer Begründung einer Lebenspartnerschaft im Ausland - ohne Inlandswohnsitz (326199) (Score: 12.942818)<br />4.) Zeuginnen und Zeugen - Entschädigung in Straf- und Bußgeldverfahren (326716) (Score: 5.726324)<br />5.) Sachverständige - Vergütung in Straf- und Bußgeldverfahren (327194) (Score: 5.726324),de,0
dialog_2019-08-04T23-33-46.012_4B1EC848C0DD8E896E7A5A7FDE4AC062.xml,Wann habe ich meinen Termin ,SMALLTALK_ANSWER,,de,"Wenn Sie Ihre Termindaten vergessen haben, können Sie das Behördentelefon 115 anrufen. Dort werden Sie nach den hinterlegten Daten gefragt (z.B. Name, E-Mail-Adresse)."
dialog_2019-08-10T11-27-31.284_12BC4712EC625478AB5F332AD307F36D.xml,Bitte einen Termin ,ANSWER,,de,"<span class=""bitter-bold-italic"">Termine</span> können Sie gerne online auf der Webseite vereinbaren:"
dialog_2019-08-13T22-42-58.624_B66F4DD8ADBFACA4EDCD62E8B8D72556.xml,Ich brauch dringend einen kinderreisepass für meine Tochter. ,SMALLTALK_ANSWER,,de,Tipps zum Finden von freien Termin finden sich mit dem folgenden <a href= https://service.berlin.de/terminvereinbarung/hinweise/ target=_blank>Link</a>. Es gelten besondere Regeln für <a href= https://service.berlin.de/terminvereinbarung/hinweise/artikel.705293.php target=_blank>Notfälle</a>.
dialog_2019-08-27T23-26-27.712_64D357877182BAD279A6B2B0D589AF10.xml,Ich wollte nen neuen Perso beantragen. Meinen alten hab ich verloren.,SERVICE_SELECTION_REQUEST,"1.) Verlust des Personalausweises melden (Verlustanzeige) (120726) (Score: 47.009956)<br />2.) Personalausweis beantragen (120703) (Score: 42.609770)<br />3.) Personalausweis vorläufig beantragen (120682) (Score: 34.831856)<br />4.) Personalausweis abholen (324325) (Score: 28.529345)<br />5.) Personalausweis für in Berlin nicht gemeldete Personen, Touristen und Deutsche mit Wohnsitz im Ausland (326550) (Score: 26.462646)<br />6.) Verlorene Sachen zurückbekommen (324328) (Score: 25.597332)",de,120682
dialog_2019-08-06T13-53-23.891_46B9D0ED92667654D9229D47E3316BEA.xml,Was kann ich machen wenn alle Termine in Bürgerämtern schon ausgebucht sind?,ANSWER,,de,"<span class=""bitter-bold-italic"">Termine</span> können Sie gerne online auf der Webseite vereinbaren:"
dialog_2019-08-08T09-21-34.112_9BF53E56A610E832875FF9D228DD0D7F.xml,Wann hat das Bürgeramt Charlottenburg-Wilmersdorf geöffnet,LOCATION_SELECTION_REQUEST,1.) Bürgeramt Halemweg (Außenstelle) (122210) (Score: 7.255925)<br />2.) Bürgeramt Heerstraße (122217) (Score: 7.255925)<br />3.) Bürgeramt Hohenzollerndamm (122219) (Score: 7.255925)<br />4.) Bürgeramt Wilmersdorfer Straße (122227) (Score: 7.255925),de,122227
dialog_2019-08-07T23-54-04.637_5EC3D6DC8D9FE06816627F3EEBAEC4E4.xml, Termin Bürger Amt ,LOCATION_SELECTION_REQUEST,1.) Amt für Soziales Friedrichshain-Kreuzberg (122608) (Score: 4.803642)<br />2.) Amt für Soziales Mitte (122619) (Score: 4.803642)<br />3.) Amt für Soziales Neukölln (122623) (Score: 4.803642)<br />4.) Amt für Soziales Steglitz-Zehlendorf (324529) (Score: 4.803642)<br />5.) Amt für Soziales Spandau (326211) (Score: 4.803642)<br />6.) Amt für Soziales Lichtenberg (122611) (Score: 4.468982),de,122619
dialog_2019-08-11T13-54-18.194_1BC12F14F868A8CB9C3C49636AE67CEA.xml,child registration foreign parents,SERVICE_SELECTION_REQUEST,"1.) Residence permit for spouses, parents and children of foreign family members (305289) (Score: 18.156866)<br />2.) Recognition of an adoption abroad of a child under 18 years of age (327900) (Score: 17.491535)<br />3.) Transfer of a foreign driving licence from a non-EU/EEA country (third country/ Annex 11) (327537) (Score: 14.690707)<br />4.) Transfer of a foreign driving licence from an EU/EEA country (121598) (Score: 121598) (Score: 14.690707) 4.) Transfer of a foreign driving licence from an EU/EEA country (121598) (Score: 18.156866) (Score: 18.15698) (Score: 18.156866) (Score: 17.690707)",en,305289
dialog_2019-08-12T19-08-46.321_CF683A35755B8F0058FE4DD731024A6D.xml,wieviel Bürgerämter hat Reinickendorf,EXTERN_ANSWER,1.) Bürgerämter Reinickendorf (3252757) (Score: 23.252296)<br />2.) Bürgerämter Spandau (3252758) (Score: 13.577764)<br />3.) Bürgerämter Lichtenberg (3252752) (Score: 13.409263)<br />4.) Bürgerämter Neukölln (3252755) (Score: 13.409263)<br />5.) Bürgerämter Pankow (3252756) (Score: 13.409263)<br />6.) Die Bürgerämter im Stadtplan (32527513) (Score: 12.031284),de,-
dialog_2019-08-30T14-20-47.222_D0EE500B20B2EBA4B0E60B0A51482F72.xml,Brauche ich eine Übersetzung meiner Geburtsurkunde?,SERVICE_SELECTION_REQUEST,"1.) Geburtsurkunde  Ausstellung (318960) (Score: 41.573410)<br />2.) Geburtsurkunde - Erstbeurkundung - Anzeige (318957) (Score: 41.387695)<br />3.) Urkunden - Ausstellung - Geburtsurkunde bei Geburt im Ausland oder in einem ehemaligen deutschen Gebiet - (326181) (Score: 27.900387)<br />4.) Beglaubigung von notariellen Urkunden, Bescheinigungen und Übersetzungen für das Ausland (Apostille/Legalisation) (327408) (Score: 14.422342)<br />5.) Geburt im Ausland  Beratung und Nachbeurkundung einer Geburt (318958) (Score: 11.939243)<br />6.) Geburt im Ausland - Nachbeurkundung (318959) (Score: 11.939243)",de,327408
dialog_2019-08-24T15-53-36.898_292549321FB4F5135810D1D93C653C09.xml,"Wie kann ich einen zeitnahen Termin zur Wohnungsanmeldung vereinbaren, obwohl alle Termin im Kalendar vergeben sind.",SERVICE_SELECTION_REQUEST,1.) Anmeldung einer Wohnung (120686) (Score: 19.221785),de,120686
dialog_2019-08-09T22-10-42.723_F8E77C7AC159E669AF7E5C43FF47FC38.xml,Ich möchte gerne ein Termin bucjen,ANSWER,,de,"<span class=""bitter-bold-italic"">Termine</span> können Sie gerne online auf der Webseite vereinbaren:"
dialog_2019-08-19T14-06-03.182_E5706B98CAC27865BF86EBCBABB326F6.xml,Wohnung anmelden,SERVICE_SELECTION_REQUEST,1.) Anmeldung einer Wohnung (120686) (Score: 90.534515)<br />2.) Änderung/Wechsel der Hauptwohnung (120697) (Score: 44.936043)<br />3.) Abmeldung einer Wohnung (120335) (Score: 41.907440)<br />4.) Zweitwohnungsteuer bezahlen (121859) (Score: 37.521584)<br />5.) Ferienwohnungsvermietung    Genehmigung einer zeitweisen Vermietung der Berliner Hauptwohnung oder Nebenwohnung (328146) (Score: 28.195957)<br />6.) Hilfe bei drohender oder bereits eingetretener Wohnungslosigkeit (324485) (Score: 26.921364),de,120697
dialog_2019-08-01T09-04-06.635_8CC822EBA044B89579DCCA6D4CCC4574.xml,Um wie viel Uhr werden die frei gewordenen Termine im Bürgeramt veröffentlicht?,SERVICE_SELECTION_REQUEST,"1.) Straßenrechtliche Sondernutzung Uhrenkandelaber (326295) (Score: 19.167670)<br />2.) Rundfunkbeitrag / Beitragspflicht, Befreiung vom Rundfunkbeitrag (324531) (Score: 11.232227)<br />3.) Insolvenz - Restschuldbefreiung (327376) (Score: 11.119345)<br />4.) Grünes Kennzeichen beantragen (121482) (Score: 10.355960)<br />5.) Befreiung von der Ausweispflicht (327044) (Score: 10.021908)<br />6.) Reisegewerbekartenfreie Tätigkeiten (126432) (Score: 9.315533)",de,-
dialog_2019-08-29T10-53-50.79_71D5B53498A1631151985AA25F4D05CE.xml,beurkundung Unterhalt,SERVICE_SELECTION_REQUEST,1.) Beurkundung eines Unterhaltsanspruches des Kindes bzw. der Unterhaltsverpflichtung (326081) (Score: 26.039986)<br />2.) Unterhaltsvorschuss (326069) (Score: 17.429674)<br />3.) Kindesunterhalt - Festsetzung - im vereinfachten Verfahren (326960) (Score: 14.995998)<br />4.) Hilfe zum Lebensunterhalt für Minderjährige in Verwandtenpflege (327006) (Score: 13.673523)<br />5.) Eheschließung im Ausland - Beratung und Nachbeurkundung einer Eheschließung (318966) (Score: 12.928789)<br />6.) Lebenspartnerschaft - Nachbeurkundung einer Begründung einer Lebenspartnerschaft im Ausland (324957) (Score: 12.556374),de,326081
dialog_2019-08-10T10-16-36.236_4FA70701331C0D90E06E1F3DCBD34E06.xml,In welchen Bürgerämtern gibt es terminfreie Sprechzeiten?,EXTERN_ANSWER,1.) Bürgerämter Spandau (3252758) (Score: 13.577764)<br />2.) Bürgerämter Lichtenberg (3252752) (Score: 13.409263)<br />3.) Bürgerämter Neukölln (3252755) (Score: 13.409263)<br />4.) Bürgerämter Pankow (3252756) (Score: 13.409263)<br />5.) Bürgerämter Reinickendorf (3252757) (Score: 13.409263)<br />6.) Die Bürgerämter im Stadtplan (32527513) (Score: 12.031284),de,-
dialog_2019-08-05T15-18-48.703_52526BD1B389598865FCDC8955519B86.xml,personalausweis,SERVICE_SELECTION_REQUEST,"1.) Personalausweis beantragen (120703) (Score: 37.409897)<br />2.) Verlust des Personalausweises melden (Verlustanzeige) (120726) (Score: 28.419863)<br />3.) Personalausweis vorläufig beantragen (120682) (Score: 28.138357)<br />4.) Personalausweis abholen (324325) (Score: 18.562763)<br />5.) Personalausweis, vorläufig, für Berliner Einwohner ohne feste Wohnung bzw. für Personen, die außerhalb von Berlin gemeldet sind (306684) (Score: 14.904928)<br />6.) Personalausweis für in Berlin nicht gemeldete Personen, Touristen und Deutsche mit Wohnsitz im Ausland (326550) (Score: 14.663067)",de,120703
dialog_2019-08-19T19-27-09.536_906DB7FDFAA2303134158D541406F736.xml,kfz anmelden,SERVICE_SELECTION_REQUEST,1.) Neufahrzeug anmelden (120882) (Score: 43.075800)<br />2.) Wiederzulassung eines Kraftfahrzeuges ohne Halterwechsel beantragen (120905) (Score: 41.724293)<br />3.) Kraftfahrzeug außer Betrieb setzen (Kfz abmelden) (120877) (Score: 35.576015)<br />4.) Kraftfahrzeug ummelden  nach einem Umzug nach Berlin (120918) (Score: 35.127426)<br />5.) Anmeldung einer Wohnung (120686) (Score: 31.031605)<br />6.) Kraftfahrzeug - Umsetzungen (324190) (Score: 29.868107),de,0
dialog_2019-08-05T10-54-59.004_8AEAB0D599DBDA70D90ED3DD2654517E.xml,Ich habe die falsche Dienstleistung ausgewählt,SERVICE_SELECTION_REQUEST,1.) Gewerbe - Grenzüberschreitende Erbringung von Dienstleistungen anzeigen (328737) (Score: 28.595797)<br />2.) Handwerk - Gestattung zur Erbringung vorübergehender grenzüberschreitender Dienstleistungen in zulassungspflichtigen Handwerken (302439) (Score: 20.609816)<br />3.) Infektionsschutzgesetz (IfSG) - Hygieneaufsicht - Dienstleistungen und Aufgaben (324397) (Score: 13.473592)<br />4.) Zahlungsverkehr mit der Bußgeldstelle des Landes Berlin (326407) (Score: 5.168446)<br />5.) Abholung von sichergestellten Fahrzeugen (326423) (Score: 4.587014),de,0
dialog_2019-08-21T09-34-54.218_8478AD353BFAA69879B6534C72A6449C.xml,es ist kurzfristig  kein Termin verfügbar für die Beantragung eines Kinderausweises,SERVICE_SELECTION_REQUEST,"1.) Kinderreisepass beantragen / verlängern / aktualisieren (121469) (Score: 28.114813)<br />2.) Reisepass abholen (324573) (Score: 21.006666)<br />3.) Kinderreisepass für in Berlin nicht gemeldete Personen, Touristen und Deutsche mit Wohnsitz im Ausland (326548) (Score: 19.904081)<br />4.) Tätigkeiten mit Krankheitserregern - Beantragung einer Erlaubnis (328020) (Score: 13.824801)<br />5.) Personalausweis beantragen (120703) (Score: 12.586982)<br />6.) Personalausweis abholen (324325) (Score: 11.622492)",de,-